{"extensionType":"field_faas","i18nMap":{},"fields":[{"fieldType":17,"uiSchema":{"fieldsConfigEditor":{"component":"OpenFieldMetaEditor","props":{"schema":{"items":[{"component":"Text","validator":{"required":true},"tooltips":[{"type":"text","content":"在此输入生图指令(prompt)，可以引用表格中的其他字段"}],"key":"textPrompt","label":"生图指令","props":{},"defaultValue":"在此输入生图指令(prompt)，可以引用表格中的其他字段"},{"component":"FieldSelect","validator":{"required":false},"tooltips":[{"type":"text","content":"选择一个附件类型的列，该列内容是参考图片"}],"key":"referenceImage","label":"参考图片","props":{"supportType":[17]}}]}}}},"presetFieldConfig":{"fieldProperty":{"propertyType":17,"properties":[]},"externalEditorConfig":{}},"disableAutoUpdate":false}]}